Title,Price,Rating
<IPython.core.display.Markdown object>,<IPython.core.display.Markdown object>,<IPython.core.display.Markdown object>
<IPython.core.display.Markdown object>,<IPython.core.display.Markdown object>,<IPython.core.display.Markdown object>
<IPython.core.display.Markdown object>,<IPython.core.display.Markdown object>,<IPython.core.display.Markdown object>
<IPython.core.display.Markdown object>,<IPython.core.display.Markdown object>,<IPython.core.display.Markdown object>
<IPython.core.display.Markdown object>,<IPython.core.display.Markdown object>,<IPython.core.display.Markdown object>
<IPython.core.display.Markdown object>,<IPython.core.display.Markdown object>,N/A
<IPython.core.display.Markdown object>,<IPython.core.display.Markdown object>,<IPython.core.display.Markdown object>
<IPython.core.display.Markdown object>,<IPython.core.display.Markdown object>,<IPython.core.display.Markdown object>
<IPython.core.display.Markdown object>,<IPython.core.display.Markdown object>,<IPython.core.display.Markdown object>
<IPython.core.display.Markdown object>,<IPython.core.display.Markdown object>,<IPython.core.display.Markdown object>
<IPython.core.display.Markdown object>,<IPython.core.display.Markdown object>,<IPython.core.display.Markdown object>
<IPython.core.display.Markdown object>,<IPython.core.display.Markdown object>,<IPython.core.display.Markdown object>
<IPython.core.display.Markdown object>,<IPython.core.display.Markdown object>,N/A
<IPython.core.display.Markdown object>,<IPython.core.display.Markdown object>,<IPython.core.display.Markdown object>
<IPython.core.display.Markdown object>,<IPython.core.display.Markdown object>,<IPython.core.display.Markdown object>
<IPython.core.display.Markdown object>,<IPython.core.display.Markdown object>,<IPython.core.display.Markdown object>
<IPython.core.display.Markdown object>,<IPython.core.display.Markdown object>,<IPython.core.display.Markdown object>
<IPython.core.display.Markdown object>,<IPython.core.display.Markdown object>,<IPython.core.display.Markdown object>
<IPython.core.display.Markdown object>,<IPython.core.display.Markdown object>,<IPython.core.display.Markdown object>
<IPython.core.display.Markdown object>,<IPython.core.display.Markdown object>,<IPython.core.display.Markdown object>
<IPython.core.display.Markdown object>,<IPython.core.display.Markdown object>,<IPython.core.display.Markdown object>
<IPython.core.display.Markdown object>,<IPython.core.display.Markdown object>,<IPython.core.display.Markdown object>
<IPython.core.display.Markdown object>,<IPython.core.display.Markdown object>,<IPython.core.display.Markdown object>
<IPython.core.display.Markdown object>,<IPython.core.display.Markdown object>,<IPython.core.display.Markdown object>
<IPython.core.display.Markdown object>,<IPython.core.display.Markdown object>,<IPython.core.display.Markdown object>
<IPython.core.display.Markdown object>,<IPython.core.display.Markdown object>,<IPython.core.display.Markdown object>
<IPython.core.display.Markdown object>,<IPython.core.display.Markdown object>,<IPython.core.display.Markdown object>
<IPython.core.display.Markdown object>,<IPython.core.display.Markdown object>,<IPython.core.display.Markdown object>
<IPython.core.display.Markdown object>,<IPython.core.display.Markdown object>,<IPython.core.display.Markdown object>
<IPython.core.display.Markdown object>,<IPython.core.display.Markdown object>,<IPython.core.display.Markdown object>
<IPython.core.display.Markdown object>,<IPython.core.display.Markdown object>,<IPython.core.display.Markdown object>
<IPython.core.display.Markdown object>,<IPython.core.display.Markdown object>,<IPython.core.display.Markdown object>
<IPython.core.display.Markdown object>,<IPython.core.display.Markdown object>,<IPython.core.display.Markdown object>
<IPython.core.display.Markdown object>,<IPython.core.display.Markdown object>,<IPython.core.display.Markdown object>
<IPython.core.display.Markdown object>,<IPython.core.display.Markdown object>,<IPython.core.display.Markdown object>
<IPython.core.display.Markdown object>,<IPython.core.display.Markdown object>,<IPython.core.display.Markdown object>
<IPython.core.display.Markdown object>,<IPython.core.display.Markdown object>,<IPython.core.display.Markdown object>
<IPython.core.display.Markdown object>,<IPython.core.display.Markdown object>,<IPython.core.display.Markdown object>
<IPython.core.display.Markdown object>,<IPython.core.display.Markdown object>,<IPython.core.display.Markdown object>
<IPython.core.display.Markdown object>,<IPython.core.display.Markdown object>,<IPython.core.display.Markdown object>
<IPython.core.display.Markdown object>,<IPython.core.display.Markdown object>,<IPython.core.display.Markdown object>
<IPython.core.display.Markdown object>,<IPython.core.display.Markdown object>,<IPython.core.display.Markdown object>
<IPython.core.display.Markdown object>,<IPython.core.display.Markdown object>,<IPython.core.display.Markdown object>
<IPython.core.display.Markdown object>,<IPython.core.display.Markdown object>,<IPython.core.display.Markdown object>
<IPython.core.display.Markdown object>,<IPython.core.display.Markdown object>,<IPython.core.display.Markdown object>
<IPython.core.display.Markdown object>,<IPython.core.display.Markdown object>,<IPython.core.display.Markdown object>
<IPython.core.display.Markdown object>,<IPython.core.display.Markdown object>,<IPython.core.display.Markdown object>
<IPython.core.display.Markdown object>,<IPython.core.display.Markdown object>,<IPython.core.display.Markdown object>
<IPython.core.display.Markdown object>,<IPython.core.display.Markdown object>,<IPython.core.display.Markdown object>
<IPython.core.display.Markdown object>,<IPython.core.display.Markdown object>,<IPython.core.display.Markdown object>
<IPython.core.display.Markdown object>,<IPython.core.display.Markdown object>,<IPython.core.display.Markdown object>
<IPython.core.display.Markdown object>,<IPython.core.display.Markdown object>,<IPython.core.display.Markdown object>
<IPython.core.display.Markdown object>,<IPython.core.display.Markdown object>,<IPython.core.display.Markdown object>
<IPython.core.display.Markdown object>,<IPython.core.display.Markdown object>,<IPython.core.display.Markdown object>
<IPython.core.display.Markdown object>,<IPython.core.display.Markdown object>,<IPython.core.display.Markdown object>
<IPython.core.display.Markdown object>,<IPython.core.display.Markdown object>,<IPython.core.display.Markdown object>
<IPython.core.display.Markdown object>,<IPython.core.display.Markdown object>,<IPython.core.display.Markdown object>
<IPython.core.display.Markdown object>,<IPython.core.display.Markdown object>,<IPython.core.display.Markdown object>
<IPython.core.display.Markdown object>,<IPython.core.display.Markdown object>,<IPython.core.display.Markdown object>
<IPython.core.display.Markdown object>,<IPython.core.display.Markdown object>,<IPython.core.display.Markdown object>
<IPython.core.display.Markdown object>,<IPython.core.display.Markdown object>,<IPython.core.display.Markdown object>
<IPython.core.display.Markdown object>,<IPython.core.display.Markdown object>,<IPython.core.display.Markdown object>
<IPython.core.display.Markdown object>,<IPython.core.display.Markdown object>,<IPython.core.display.Markdown object>
<IPython.core.display.Markdown object>,<IPython.core.display.Markdown object>,<IPython.core.display.Markdown object>
<IPython.core.display.Markdown object>,<IPython.core.display.Markdown object>,<IPython.core.display.Markdown object>
<IPython.core.display.Markdown object>,<IPython.core.display.Markdown object>,<IPython.core.display.Markdown object>
<IPython.core.display.Markdown object>,<IPython.core.display.Markdown object>,<IPython.core.display.Markdown object>
<IPython.core.display.Markdown object>,<IPython.core.display.Markdown object>,<IPython.core.display.Markdown object>
<IPython.core.display.Markdown object>,<IPython.core.display.Markdown object>,<IPython.core.display.Markdown object>
<IPython.core.display.Markdown object>,<IPython.core.display.Markdown object>,<IPython.core.display.Markdown object>
<IPython.core.display.Markdown object>,<IPython.core.display.Markdown object>,<IPython.core.display.Markdown object>
<IPython.core.display.Markdown object>,<IPython.core.display.Markdown object>,<IPython.core.display.Markdown object>
<IPython.core.display.Markdown object>,<IPython.core.display.Markdown object>,<IPython.core.display.Markdown object>
<IPython.core.display.Markdown object>,<IPython.core.display.Markdown object>,<IPython.core.display.Markdown object>
<IPython.core.display.Markdown object>,<IPython.core.display.Markdown object>,<IPython.core.display.Markdown object>
<IPython.core.display.Markdown object>,<IPython.core.display.Markdown object>,<IPython.core.display.Markdown object>
<IPython.core.display.Markdown object>,<IPython.core.display.Markdown object>,<IPython.core.display.Markdown object>
<IPython.core.display.Markdown object>,<IPython.core.display.Markdown object>,<IPython.core.display.Markdown object>
<IPython.core.display.Markdown object>,<IPython.core.display.Markdown object>,<IPython.core.display.Markdown object>
<IPython.core.display.Markdown object>,<IPython.core.display.Markdown object>,<IPython.core.display.Markdown object>
<IPython.core.display.Markdown object>,<IPython.core.display.Markdown object>,<IPython.core.display.Markdown object>
<IPython.core.display.Markdown object>,<IPython.core.display.Markdown object>,<IPython.core.display.Markdown object>
<IPython.core.display.Markdown object>,<IPython.core.display.Markdown object>,<IPython.core.display.Markdown object>
<IPython.core.display.Markdown object>,<IPython.core.display.Markdown object>,<IPython.core.display.Markdown object>
<IPython.core.display.Markdown object>,<IPython.core.display.Markdown object>,<IPython.core.display.Markdown object>
<IPython.core.display.Markdown object>,<IPython.core.display.Markdown object>,<IPython.core.display.Markdown object>
<IPython.core.display.Markdown object>,<IPython.core.display.Markdown object>,<IPython.core.display.Markdown object>
<IPython.core.display.Markdown object>,<IPython.core.display.Markdown object>,<IPython.core.display.Markdown object>
<IPython.core.display.Markdown object>,<IPython.core.display.Markdown object>,<IPython.core.display.Markdown object>
<IPython.core.display.Markdown object>,<IPython.core.display.Markdown object>,<IPython.core.display.Markdown object>
<IPython.core.display.Markdown object>,<IPython.core.display.Markdown object>,<IPython.core.display.Markdown object>
<IPython.core.display.Markdown object>,<IPython.core.display.Markdown object>,<IPython.core.display.Markdown object>
<IPython.core.display.Markdown object>,<IPython.core.display.Markdown object>,<IPython.core.display.Markdown object>
<IPython.core.display.Markdown object>,<IPython.core.display.Markdown object>,<IPython.core.display.Markdown object>
<IPython.core.display.Markdown object>,<IPython.core.display.Markdown object>,<IPython.core.display.Markdown object>
<IPython.core.display.Markdown object>,<IPython.core.display.Markdown object>,<IPython.core.display.Markdown object>
<IPython.core.display.Markdown object>,<IPython.core.display.Markdown object>,<IPython.core.display.Markdown object>
<IPython.core.display.Markdown object>,<IPython.core.display.Markdown object>,<IPython.core.display.Markdown object>
<IPython.core.display.Markdown object>,<IPython.core.display.Markdown object>,<IPython.core.display.Markdown object>
<IPython.core.display.Markdown object>,<IPython.core.display.Markdown object>,<IPython.core.display.Markdown object>
